Concentration;Absorbance
0.0;0.02266
0.1;0.09066
0.2;0.14366
0.3;0.19033
0.4;0.236